dataset,feature_set,balancing,classifier,accuracy,precision,recall,f1,auc,mcc
ant-1.3,METRICS_POST_TFIDF_RISK_SELECTED,SMOTE,SVM_RBF,0.8160000000000001,0.4966666666666667,0.75,0.5788156288156288,0.8023809523809524,0.5037867082684513
ant-1.3,METRICS_POST_TFIDF_RISK_SELECTED,BLSMOTE,SVM_RBF,0.8,0.4666666666666667,0.8,0.5698412698412698,0.7714285714285715,0.5032608956112588
ant-1.3,RISK_FEATURES,SMOTE,SVM_RBF,0.784,0.44761904761904764,0.85,0.5676767676767677,0.8047619047619048,0.5071587541771457
ant-1.3,POST_TFIDF,BLSMOTE,LR,0.784,0.43939393939393934,0.85,0.5622222222222222,0.7976190476190477,0.5020515540560296
ant-1.3,RISK_FEATURES,BLSMOTE,LR,0.776,0.44249084249084253,0.85,0.5617944147355912,0.7916666666666667,0.5001701885989996
camel-1.0,METRICS,BLSMOTE,GB,0.9467954345917471,0.36666666666666664,0.3,0.32666666666666666,0.6106759906759907,0.30322050590882516
camel-1.0,METRICS_RISK,BLSMOTE,RF,0.9467515364354698,0.5,0.2333333333333333,0.31333333333333335,0.7054079254079253,0.3139422340794258
camel-1.0,METRICS,BLSMOTE,RF,0.9557067603160668,0.4666666666666666,0.2333333333333333,0.3,0.714988344988345,0.3032053014367687
camel-1.0,METRICS,SMOTE,RF,0.9409130816505706,0.45,0.2333333333333333,0.29047619047619044,0.7012587412587412,0.28615292648342916
camel-1.0,METRICS_RISK,BLSMOTE,GB,0.9438981562774365,0.44000000000000006,0.2333333333333333,0.2833333333333333,0.6342191142191143,0.2817898595885956
jedit-3.2,METRICS_RISK,BLSMOTE,LR,0.7976430976430977,0.668495514147688,0.788888888888889,0.7219095267875756,0.8434434434434435,0.571711354231615
jedit-3.2,METRICS,BLSMOTE,LR,0.7868013468013468,0.6556725146198831,0.788888888888889,0.7130393551446182,0.8404738071404738,0.5560384315353509
jedit-3.2,METRICS_RISK,SMOTE,LR,0.7942087542087541,0.6743230358504958,0.7555555555555555,0.7091874790583542,0.8413580246913579,0.5570494693533273
jedit-3.2,METRICS_POST_TFIDF_RISK,SMOTE,LR,0.7942087542087541,0.6756313131313132,0.7444444444444445,0.7051633986928104,0.8446363029696362,0.5529802712506154
jedit-3.2,METRICS_POST_TFIDF_RISK,BLSMOTE,LR,0.7903030303030303,0.665798319327731,0.7555555555555555,0.7051103608753547,0.8494411077744412,0.5495008097604179
log4j-1.0,RISK_FEATURES,SMOTE,ET,0.7777777777777778,0.6063203463203463,0.7619047619047619,0.645909645909646,0.8138888888888889,0.5283923974391445
log4j-1.0,RISK_FEATURES,SMOTE,GB,0.7777777777777778,0.6063203463203463,0.7619047619047619,0.645909645909646,0.8054761904761906,0.5283923974391445
log4j-1.0,RISK_FEATURES,SMOTE,RF,0.7703703703703704,0.5957142857142858,0.7619047619047619,0.6377225114067219,0.7896825396825397,0.5179787493898388
log4j-1.0,POST_TFIDF,SMOTE,LR,0.7851851851851851,0.5845238095238096,0.7285714285714285,0.6350491613649508,0.7935714285714286,0.5071334420960816
log4j-1.0,RISK_FEATURES,SMOTE,SVM_RBF,0.762962962962963,0.5625291375291376,0.7619047619047619,0.6316239316239316,0.7646825396825397,0.4939941223184582
lucene-2.0,POST_TFIDF,SMOTE,LR,0.7487179487179487,0.719561403508772,0.7695906432748538,0.7398371187844872,0.7827833472570316,0.5034909925729524
lucene-2.0,POST_TFIDF,SMOTE,SVM_RBF,0.7435897435897436,0.7164035087719298,0.7590643274853802,0.7330894804579016,0.7685477582846004,0.49296467678347866
lucene-2.0,POST_TFIDF,BLSMOTE,LR,0.7384615384615384,0.7085087719298245,0.7590643274853802,0.7288220551378446,0.7822431077694236,0.4834659629805591
lucene-2.0,METRICS_RISK,BLSMOTE,SVM_RBF,0.723076923076923,0.6802197802197802,0.7818713450292398,0.724307082201819,0.7659314954051796,0.45949996604179094
lucene-2.0,METRICS_POST_TFIDF_RISK,SMOTE,LR,0.7282051282051282,0.7139492753623189,0.7374269005847953,0.7201653344264536,0.7648398774714564,0.4638981580850337
poi-1.5,METRICS,NONE,RF,0.7634751773049645,0.794283578490475,0.8155172413793104,0.8025787912059421,0.7876970443349753,0.5122654919512926
poi-1.5,METRICS_POST_TFIDF_RISK,NONE,SVM_RBF,0.738209219858156,0.7442230465759877,0.8650246305418718,0.7972674118614052,0.7649066632097485,0.45190409801867404
poi-1.5,METRICS_RISK,NONE,SVM_RBF,0.738209219858156,0.7442230465759877,0.8650246305418718,0.7972674118614052,0.7630515945035001,0.45190409801867404
poi-1.5,METRICS_POST_TFIDF_RISK,SMOTE,GB,0.7547872340425532,0.797374474983352,0.7938423645320197,0.7929747905167635,0.7840134819808141,0.4962544063273179
poi-1.5,METRICS_RISK,BLSMOTE,RF,0.7510638297872341,0.7891785714285715,0.8014778325123153,0.7914375448244919,0.7816269121078558,0.4905483413494755
synapse-1.0,POST_TFIDF,BLSMOTE,SVM_RBF,0.8147177419354839,0.325,0.75,0.4515151515151515,0.7896962233169129,0.4078424906877533
synapse-1.0,METRICS,BLSMOTE,GB,0.878024193548387,0.5599999999999999,0.4833333333333333,0.44373626373626374,0.78126026272578,0.42694899440170453
synapse-1.0,METRICS_POST_TFIDF_RISK_SELECTED,BLSMOTE,SVM_RBF,0.8338709677419354,0.35454545454545455,0.5666666666666667,0.4133333333333333,0.7786945812807882,0.3550255176840541
synapse-1.0,METRICS,BLSMOTE,SVM_RBF,0.8401209677419355,0.35333333333333333,0.5666666666666667,0.4065934065934066,0.8349958949096881,0.35540849813402736
synapse-1.0,POST_TFIDF,BLSMOTE,LR,0.7576612903225806,0.2690909090909091,0.8166666666666667,0.4034765234765235,0.7961617405582923,0.37047749614255293
velocity-1.5,METRICS,BLSMOTE,RF,0.817607973421927,0.8540787841191066,0.880295566502463,0.864789864000756,0.839783603096411,0.5907057863318154
velocity-1.5,METRICS,BLSMOTE,ET,0.8036544850498339,0.8381721907125133,0.8805418719211822,0.8556123748232667,0.8323393150363593,0.5594944367864735
velocity-1.5,METRICS_POST_TFIDF_RISK_SELECTED,NONE,ET,0.7944629014396456,0.809898798228969,0.9086206896551724,0.8542009985640385,0.7943355618109312,0.5276651762278328
velocity-1.5,METRICS_RISK,SMOTE,RF,0.7897009966777409,0.822986945674327,0.8729064039408867,0.8453645412967447,0.8248604269293924,0.5244875696413254
velocity-1.5,METRICS_POST_TFIDF_RISK_SELECTED,NONE,SVM_RBF,0.7756367663344408,0.7864377091986716,0.9155172413793103,0.8437674925599362,0.7768414262256627,0.48370470674813965
xalan-2.4,METRICS,BLSMOTE,ET,0.84227969348659,0.4784566896587357,0.43636363636363634,0.455023865023865,0.8073749288163523,0.3646332388203632
xalan-2.4,METRICS_POST_TFIDF_RISK,BLSMOTE,RF,0.8353831417624521,0.452619330560507,0.4545454545454545,0.4483631656563987,0.7892473313704821,0.35556888358740546
xalan-2.4,METRICS_POST_TFIDF_RISK_SELECTED,SMOTE,LR,0.7509865900383141,0.3362243094480634,0.6818181818181819,0.4479600858911204,0.7767583875540692,0.3457394811059929
xalan-2.4,METRICS_POST_TFIDF_RISK,BLSMOTE,LR,0.7689942528735633,0.35031926406926406,0.6272727272727273,0.447304690530497,0.7803975379545152,0.33952688480863263
xalan-2.4,RISK_FEATURES,SMOTE,GB,0.7537643678160919,0.33758312497602583,0.6454545454545454,0.44111927642736004,0.7174711933408455,0.3313839282334647
xerces-1.2,METRICS_RISK,BLSMOTE,GB,0.8136363636363637,0.43916666666666665,0.5514285714285714,0.47719298245614034,0.8213327515382309,0.37899261357712793
xerces-1.2,METRICS,BLSMOTE,GB,0.8045454545454545,0.43082431634861307,0.5514285714285714,0.47616092519318326,0.7916525625429734,0.36924895429184473
xerces-1.2,METRICS_RISK,SMOTE,GB,0.8136363636363637,0.4259048691246834,0.5523809523809524,0.4751631016042781,0.8108102819061724,0.3732432950498831
xerces-1.2,METRICS,SMOTE,GB,0.8068181818181819,0.4133843700159489,0.5523809523809524,0.46384459984459986,0.808523650852418,0.36202685925193123
xerces-1.2,METRICS,SMOTE,RF,0.8045454545454545,0.43038850038850035,0.49333333333333335,0.4533251062662827,0.7922860139983428,0.34161080435732327
