feature_set,balancing,classifier,accuracy,precision,recall,f1,auc,mcc
METRICS,SMOTE,RF,0.7969000318135545,0.5693800866381775,0.5632648837349382,0.547851038509464,0.7857958793765859,0.3869359742238147
METRICS_RISK,BLSMOTE,RF,0.806804383380222,0.5939883900582177,0.5438667148540106,0.5465712008221019,0.7843761895805915,0.3968068722710869
METRICS,BLSMOTE,GB,0.7907373857536436,0.5536350353947722,0.5594801895019681,0.5408567123228848,0.7644204399638196,0.37621616545483877
POST_TFIDF,SMOTE,LR,0.7316188034694044,0.4806099017147588,0.7167091265258234,0.5402522300542518,0.7650493245909412,0.3717705312818857
POST_TFIDF,SMOTE,SVM_RBF,0.7427780284397021,0.48531929009395525,0.6659092192340832,0.5356131969028877,0.7429798309267384,0.3564371383132844
METRICS,BLSMOTE,RF,0.8034499088923064,0.5820060497147359,0.537175517162813,0.5355034316448246,0.7909147597874566,0.3872551435832663
METRICS_RISK,SMOTE,RF,0.7997704357060603,0.5701830611543164,0.5357453036981168,0.5325161598340276,0.7892503873850978,0.37662572270270744
METRICS_POST_TFIDF_RISK_SELECTED,SMOTE,SVM_RBF,0.7553775766261556,0.49357266204374406,0.6282752335383914,0.5305832640564068,0.7639769957340617,0.3582551977495184
POST_TFIDF,BLSMOTE,LR,0.7233913939103179,0.4751652106433108,0.6996866487011678,0.5275948120461483,0.7604159983741161,0.3620637952869181
POST_TFIDF,BLSMOTE,SVM_RBF,0.7341415612287128,0.4822728265717793,0.6575714076204094,0.5258525864822708,0.7418697728167942,0.35407486928808246
METRICS,SMOTE,ET,0.794197149229824,0.5334278695224872,0.5438885589103375,0.5257595269607088,0.7725206817150984,0.35620430878038084
METRICS_POST_TFIDF_RISK_SELECTED,BLSMOTE,SVM_RBF,0.7483730076467374,0.4945788760886177,0.6149539889430996,0.5243890082216951,0.7468699919804986,0.3519398017750948
METRICS,BLSMOTE,ET,0.7963993602220737,0.5504595299099816,0.5273186728576928,0.5210490984846876,0.7805443446422072,0.3622844504208805
METRICS_POST_TFIDF_RISK_SELECTED,BLSMOTE,ET,0.7968736992120157,0.5414977044612688,0.5161762006898123,0.5164450944849698,0.757060881027472,0.34894683304166974
METRICS_POST_TFIDF_RISK_SELECTED,SMOTE,RF,0.7928769447780013,0.5294702128391677,0.515844310357922,0.5119242330690169,0.7697959504283287,0.3462370966627175
METRICS_RISK,BLSMOTE,GB,0.7848565820408612,0.5206542052648968,0.5282690503688688,0.5103231978928143,0.7588796516379916,0.33992800025572256
METRICS_POST_TFIDF_RISK,SMOTE,SVM_RBF,0.7665184188772054,0.48628877343520416,0.5742138680033417,0.509763761721767,0.7499315142766588,0.3338829914434196
METRICS_RISK,SMOTE,SVM_RBF,0.7670225198306047,0.48634238734887497,0.5738242576137312,0.5095612128464242,0.749640187957619,0.33443168542703655
METRICS_POST_TFIDF_RISK_SELECTED,SMOTE,LR,0.73095231863613,0.477602307492521,0.62655441634389,0.5081594958015743,0.7493276162492181,0.329704804523195
METRICS_RISK,SMOTE,ET,0.7963750613569108,0.5166894421030634,0.5177184078273007,0.507421933299328,0.7675655066974408,0.3405954761407073
METRICS_POST_TFIDF_RISK,BLSMOTE,RF,0.8042839081281573,0.5117961619990549,0.5166076581212697,0.5066791103245792,0.7785964847418468,0.3466361292205169
METRICS,BLSMOTE,LR,0.7372930304041305,0.47706296410478155,0.6064397592727901,0.5058028992615089,0.7451154180847426,0.3235904250475985
RISK_FEATURES,SMOTE,LR,0.6958793381915994,0.4604851843200165,0.6814328192477013,0.5039617377840606,0.7246240754353113,0.32799274451333843
METRICS,SMOTE,GB,0.7748022444470384,0.5077579364850544,0.5290216135951163,0.50208966050887,0.757387796273171,0.32789364080042716
METRICS,SMOTE,LR,0.7306449887630115,0.46937996472768845,0.6058454050486719,0.5013548457999976,0.7341786012293064,0.31468487488824964
METRICS,SMOTE,SVM_RBF,0.7581899199237848,0.4681350778935186,0.5884961620351821,0.49989591855549287,0.7568866665276042,0.3260516978557087
RISK_FEATURES,SMOTE,GB,0.7207853737341802,0.4674923033717439,0.6202175370505679,0.49967418072649267,0.714087268137271,0.3130609711817731
METRICS_RISK,SMOTE,GB,0.7882064185229452,0.4926108011319229,0.5269658210311569,0.49960464965805784,0.7611800852067769,0.3336497296678688
METRICS_POST_TFIDF_RISK_SELECTED,BLSMOTE,RF,0.7907510000212342,0.5246803910350724,0.5052412352720883,0.49905353396249497,0.7639245207632581,0.333263717731543
METRICS_POST_TFIDF_RISK,SMOTE,LR,0.7466068861504767,0.4745025454351916,0.5828897766883248,0.4987397608056703,0.7393685618321991,0.31961929242592535
METRICS_RISK,BLSMOTE,ET,0.7934250842977784,0.5143321537989548,0.5038404789402974,0.49800119229096756,0.7657701493175431,0.32806321972948643
RISK_FEATURES,SMOTE,SVM_RBF,0.6927155549061209,0.4526186814622393,0.6655234533564842,0.497868498423095,0.6988041064544599,0.30820915399535287
METRICS_RISK,SMOTE,LR,0.7379693509811586,0.47181802133470513,0.5948279266609575,0.49772593543335397,0.7377064272907187,0.3150440353064299
METRICS_POST_TFIDF_RISK,SMOTE,ET,0.8022710030948774,0.5243973150868462,0.49467914823631703,0.49699219402034905,0.7587458662077046,0.3336805015109007
RISK_FEATURES,SMOTE,ET,0.7203960952481401,0.4727550984822064,0.6082739136241859,0.49489643798537913,0.7081909816368342,0.3115355573994101
METRICS_POST_TFIDF_RISK_SELECTED,BLSMOTE,LR,0.731667637398355,0.4697636880985858,0.5871265048724214,0.4948412220529122,0.7385577334012702,0.3128060662811223
RISK_FEATURES,SMOTE,RF,0.7156997212558818,0.46187585265684505,0.6175004648507371,0.49463909139638607,0.7101769311832865,0.30474411269265467
METRICS_POST_TFIDF_RISK,BLSMOTE,SVM_RBF,0.7636465099343984,0.4930335661522773,0.5368478432235237,0.49463662403983283,0.7549671774440861,0.32845890533084526
METRICS_POST_TFIDF_RISK,BLSMOTE,ET,0.8007988859800278,0.5146801920159736,0.49409473265190146,0.49109381611237374,0.7612011395499704,0.32690662390490977
METRICS_POST_TFIDF_RISK_SELECTED,SMOTE,ET,0.7957273078829645,0.5130710409029188,0.49414377113106694,0.49074942230387947,0.7450309052078466,0.32414466883250326
METRICS_POST_TFIDF_RISK,SMOTE,RF,0.7978334230818754,0.4982044721576647,0.5023037688264549,0.49045874919129484,0.7783099845039064,0.3222087839519844
RISK_FEATURES,BLSMOTE,LR,0.680576190609864,0.44729388420954597,0.6690771940300071,0.48940456213783695,0.7108019999760691,0.30325023544122887
METRICS_POST_TFIDF_RISK,SMOTE,GB,0.7866970933984728,0.49952008503494255,0.5041698446743819,0.489288684090524,0.7577692024606594,0.3206292438542628
METRICS_POST_TFIDF_RISK,BLSMOTE,GB,0.7907753479154356,0.4821924297253017,0.5117353257752533,0.4885250896471644,0.7446983977711642,0.3210244856986719
METRICS_POST_TFIDF_RISK,BLSMOTE,LR,0.7422669835732042,0.47393607706396457,0.5551786886233347,0.4884537911076235,0.7482233918543011,0.30649592413829796
METRICS_RISK,BLSMOTE,SVM_RBF,0.7620377651370126,0.4826689713317537,0.5323767647960025,0.4861893865089882,0.7546586042985258,0.3196148669463412
RISK_FEATURES,BLSMOTE,RF,0.70769959395381,0.44960154830524823,0.6152521690852,0.48494941120821905,0.6971287004358091,0.29507015862893826
RISK_FEATURES,BLSMOTE,GB,0.7047801781014129,0.44798980809120204,0.6192413086006553,0.48441158397160505,0.7008045316565378,0.29416267621288916
METRICS,BLSMOTE,SVM_RBF,0.748833284227088,0.47057711137719016,0.551245315483065,0.48280904380561346,0.7594675455631686,0.3052320601704223
METRICS,NONE,ET,0.810931352743556,0.5720225365456095,0.45360727314629307,0.48265428358696305,0.7753837114928818,0.33914745223110615
METRICS_POST_TFIDF_RISK_SELECTED,SMOTE,GB,0.7802220951429918,0.48629295322639793,0.4902841403404017,0.48065060506921425,0.7384746841655913,0.3029439529467288
METRICS_RISK,BLSMOTE,LR,0.7320293229942212,0.4664757730871415,0.5527502167121042,0.47974723631901534,0.7460798572824995,0.2941522501332195
RISK_FEATURES,BLSMOTE,ET,0.707523340385879,0.4516060780792733,0.6006648674978983,0.47961778723181253,0.695573377993203,0.29181992499263243
RISK_FEATURES,BLSMOTE,SVM_RBF,0.6799594518166221,0.4485961307346379,0.6503014301689437,0.47960246801388456,0.6882720629070507,0.3006452288817447
METRICS,NONE,LR,0.81594912878936,0.6027949180415891,0.4452006321970024,0.4755612967885824,0.7527004975049476,0.3398012656859748
METRICS_RISK,NONE,ET,0.8116096303910554,0.5381167743463134,0.4589873665354609,0.4754021106809562,0.759695050837887,0.32785347276815996
METRICS_POST_TFIDF_RISK_SELECTED,BLSMOTE,GB,0.7731522568804412,0.4725508456336376,0.4932898363987293,0.473912211718449,0.7361685371974079,0.292729339681617
METRICS_RISK,NONE,GB,0.8020512591077106,0.5196830998378986,0.44537330787784507,0.46657105171929153,0.7554514156520916,0.30894021591711524
METRICS_POST_TFIDF_RISK,NONE,GB,0.7991384789877177,0.5168872905560212,0.44598648397377977,0.46335521506914196,0.7531916498255116,0.30403134862797354
METRICS,NONE,GB,0.8053967609688931,0.5118545606560437,0.43978430140136127,0.46305797278965416,0.751017659022738,0.30726362017234704
POST_TFIDF,SMOTE,RF,0.7654194700674934,0.4513988310356092,0.4963370311882109,0.4612264154191605,0.720137441414176,0.2697126219415369
METRICS_RISK,NONE,RF,0.809611021444549,0.5492456385318615,0.4257035561736106,0.4587296830493432,0.7829520253025328,0.31433286689642176
POST_TFIDF,SMOTE,GB,0.7505235698898071,0.45550543397948506,0.4862220886594752,0.4562069396111671,0.6842677802657283,0.2578257647101786
POST_TFIDF,BLSMOTE,GB,0.7489965827817648,0.4680524067677901,0.47697078380381464,0.4542405230600175,0.6805106066123656,0.25915692535455515
METRICS_RISK,NONE,LR,0.8057467664405593,0.5832833632711519,0.4171698446743819,0.4536065443550147,0.7562148893473466,0.3082862987488511
POST_TFIDF,SMOTE,ET,0.769492635505412,0.47525630293465304,0.4678528426604652,0.45333393192250343,0.7056570548711654,0.2704572712978839
METRICS,NONE,RF,0.8101498446842144,0.5195815504105082,0.43146467789117515,0.45263753762234243,0.7820204063219756,0.3077890624537842
METRICS_POST_TFIDF_RISK,NONE,LR,0.8045823933689961,0.5793344472145923,0.4162361232234191,0.45130401611903587,0.7577215696027322,0.3053655281026917
POST_TFIDF,BLSMOTE,RF,0.756844203239899,0.43665867801148217,0.4755951294118263,0.44512979200168507,0.7181539164448216,0.24343795161253137
POST_TFIDF,BLSMOTE,ET,0.7613509217592055,0.4532927385136555,0.4576241884753681,0.44384793824435986,0.708595115100334,0.2523260667041197
METRICS_POST_TFIDF_RISK_SELECTED,NONE,RF,0.8085324043437858,0.5211571226162595,0.41500792996074304,0.4427715755545167,0.7712446550415777,0.2962406654713892
METRICS_POST_TFIDF_RISK_SELECTED,NONE,GB,0.7949129005398725,0.4830061243489615,0.4222610627928232,0.4382533830364521,0.7483747998576286,0.27656753554745117
METRICS_POST_TFIDF_RISK_SELECTED,NONE,LR,0.8156726252340101,0.5661574606679461,0.4004745798665944,0.4331883847443636,0.7562417290403037,0.30610068297104626
METRICS_POST_TFIDF_RISK,NONE,ET,0.8054426112031965,0.48383706422254974,0.4170557716129404,0.43303445246562505,0.7661956492228917,0.27859653085606984
METRICS_POST_TFIDF_RISK_SELECTED,NONE,ET,0.7999515315547359,0.4765699699160944,0.40200081447086894,0.42136891855719766,0.7606183016157061,0.26755111239440643
POST_TFIDF,NONE,GB,0.7919268901045196,0.4661382111250532,0.41235916332105077,0.4171401747605115,0.6906363395718924,0.24855041373593753
METRICS_POST_TFIDF_RISK,NONE,RF,0.8108595698117772,0.4596117434852729,0.39633050232687256,0.414511045606624,0.7737935978137105,0.26977911552745915
POST_TFIDF,NONE,RF,0.7964202860668911,0.4297737259203728,0.3678920393983915,0.37230209321593366,0.7113943712039908,0.21210378982549036
POST_TFIDF,NONE,ET,0.7955500989744506,0.4396269019078617,0.3562159316787266,0.36610185258911043,0.702737369510315,0.21258056275625375
METRICS_POST_TFIDF_RISK,NONE,SVM_RBF,0.818233260159773,0.39018022145837883,0.3485827290273751,0.353752101863634,0.7176320874146773,0.23027891890458954
POST_TFIDF,NONE,SVM_RBF,0.8147138639253884,0.36786024817341606,0.35256964249704725,0.3513199608787375,0.6604352775571627,0.21851375778332874
METRICS_RISK,NONE,SVM_RBF,0.81772495875492,0.38794578922394657,0.34572558617023225,0.35088260039735836,0.7162310056739681,0.22751488545168058
METRICS_POST_TFIDF_RISK_SELECTED,NONE,SVM_RBF,0.8164322555143256,0.3859433338378511,0.33906092294477047,0.347136700897601,0.7255843630374216,0.22337992133344348
METRICS,NONE,SVM_RBF,0.8106872117080438,0.3955536571813494,0.33268814408015857,0.337881578265549,0.7366482615821601,0.20962787017292045
RISK_FEATURES,NONE,GB,0.7956632324685005,0.38134659880912414,0.3214224930141445,0.3297613224728307,0.7184990205548396,0.19323763239467293
RISK_FEATURES,NONE,RF,0.7950194412788408,0.3709308791332625,0.3175127185780543,0.32325705375313335,0.7148321792456787,0.18590625583738074
RISK_FEATURES,NONE,SVM_RBF,0.7984825007579787,0.3346546906431337,0.3156029441419641,0.3200118862477071,0.6135104512701675,0.18246052563747747
RISK_FEATURES,NONE,ET,0.793753081483634,0.3744594405438015,0.30890744101633394,0.31978131968044393,0.7122129766271695,0.18499123815532492
RISK_FEATURES,NONE,LR,0.7962178156474252,0.3480371890496179,0.3073024515311267,0.3159160833528816,0.7213062881868632,0.18170049217777953
POST_TFIDF,NONE,LR,0.8043388653053377,0.29798614399576556,0.30010932503672977,0.29221014612463164,0.7664916502814116,0.16149367569984246
